{"cameraMode":{"drawMode":0,"name":"Shaded","section":"Shading Mode"},"sceneLighting":true,"audioPlay":false,"sceneViewState":{"m_AlwaysRefresh":false,"showFog":true,"showSkybox":true,"showFlares":true,"showImageEffects":true,"showParticleSystems":true,"showVisualEffectGraphs":true,"m_FxEnabled":true},"in2DMode":false,"pivot":{"x":-11.512552261352539,"y":1.7967615127563477,"z":16.547996520996095},"rotation":{"x":-0.11423838138580322,"y":0.394233763217926,"z":-0.04946102946996689,"w":-0.9105463624000549},"size":27.625930786132814,"orthographic":false}