{"cameraMode":{"drawMode":0,"name":"Shaded","section":"Shading Mode"},"sceneLighting":false,"audioPlay":false,"sceneViewState":{"m_AlwaysRefresh":false,"showFog":false,"showSkybox":false,"showFlares":false,"showImageEffects":false,"showParticleSystems":false,"showVisualEffectGraphs":true,"m_FxEnabled":true},"in2DMode":false,"pivot":{"x":0.041666433215141299,"y":0.8809657096862793,"z":0.1250491738319397},"rotation":{"x":-0.01380863320082426,"y":0.005096168257296085,"z":-0.00007003111386438832,"w":-0.9998996257781982},"size":1.378991723060608,"orthographic":false}